[
  {
    "id": "/subscriptions/7fee2e06-fa42-4011-aa45-46f1cd21285d/resourceGroups/learn-95f88dad-4150-41a7-ad62-0b33d39d8aa5/providers/Microsoft.Resources/deployments/WordPress.WordPressc7329732-94ef/operations/4CD0B0A325789C94",
    "operationId": "4CD0B0A325789C94",
    "properties": {
      "provisioningOperation": "Create",
      "provisioningState": "Running",
      "timestamp": "2021-04-22T06:36:48.0820767Z",
      "duration": "PT1M31.0870313S",
      "trackingId": "0adcc8e8-f24a-4492-b4a2-8a60f2a408e5",
      "serviceRequestId": "58b29837-dab6-4f4b-9153-b200e72b4e03",
      "statusCode": "OK",
      "targetResource": {
        "id": "/subscriptions/7fee2e06-fa42-4011-aa45-46f1cd21285d/resourceGroups/learn-95f88dad-4150-41a7-ad62-0b33d39d8aa5/providers/Microsoft.Web/sites/EVERNOTE/sourcecontrols/web",
        "resourceType": "Microsoft.Web/sites/sourcecontrols",
        "resourceName": "EVERNOTE/web"
      }
    }
  },
  {
    "id": "/subscriptions/7fee2e06-fa42-4011-aa45-46f1cd21285d/resourceGroups/learn-95f88dad-4150-41a7-ad62-0b33d39d8aa5/providers/Microsoft.Resources/deployments/WordPress.WordPressc7329732-94ef/operations/4B428EC007D19A40",
    "operationId": "4B428EC007D19A40",
    "properties": {
      "provisioningOperation": "Create",
      "provisioningState": "Succeeded",
      "timestamp": "2021-04-22T06:35:39.1507722Z",
      "duration": "PT22.1557268S",
      "trackingId": "4b8baa5d-67bc-4bd1-8a6c-b0ed95bbf547",
      "serviceRequestId": "0c953274-b683-462f-8407-73bab314b3f0",
      "statusCode": "OK",
      "targetResource": {
        "id": "/subscriptions/7fee2e06-fa42-4011-aa45-46f1cd21285d/resourceGroups/learn-95f88dad-4150-41a7-ad62-0b33d39d8aa5/providers/Microsoft.Web/sites/EVERNOTE",
        "resourceType": "Microsoft.Web/sites",
        "resourceName": "EVERNOTE"
      }
    }
  },
  {
    "id": "/subscriptions/7fee2e06-fa42-4011-aa45-46f1cd21285d/resourceGroups/learn-95f88dad-4150-41a7-ad62-0b33d39d8aa5/providers/Microsoft.Resources/deployments/WordPress.WordPressc7329732-94ef/operations/D4479521A1EC2451",
    "operationId": "D4479521A1EC2451",
    "properties": {
      "provisioningOperation": "Create",
      "provisioningState": "Succeeded",
      "timestamp": "2021-04-22T06:35:16.9711766Z",
      "duration": "PT10.4527402S",
      "trackingId": "35251da5-2d62-4446-9652-e0d25cfa22a6",
      "serviceRequestId": "560c353d-7318-4fba-8930-e2553b4d7b1f",
      "statusCode": "OK",
      "targetResource": {
        "id": "/subscriptions/7fee2e06-fa42-4011-aa45-46f1cd21285d/resourceGroups/learn-95f88dad-4150-41a7-ad62-0b33d39d8aa5/providers/Microsoft.Web/serverfarms/wordpress-service-plN",
        "resourceType": "Microsoft.Web/serverfarms",
        "resourceName": "wordpress-service-plN"
      }
    }
  },
  {
    "id": "/subscriptions/7fee2e06-fa42-4011-aa45-46f1cd21285d/resourceGroups/learn-95f88dad-4150-41a7-ad62-0b33d39d8aa5/providers/Microsoft.Resources/deployments/WordPress.WordPressc7329732-94ef/operations/7B5504CFD28347BB",
    "operationId": "7B5504CFD28347BB",
    "properties": {
      "provisioningOperation": "Read",
      "provisioningState": "Succeeded",
      "timestamp": "2021-04-22T06:35:16.5647069Z",
      "duration": "PT10.0462705S",
      "trackingId": "9d41e121-a429-4c5e-95d3-ea3dad756d69",
      "statusCode": "OK",
      "targetResource": {
        "id": "/subscriptions/7fee2e06-fa42-4011-aa45-46f1cd21285d/resourceGroups/learn-95f88dad-4150-41a7-ad62-0b33d39d8aa5/providers/microsoft.insights/components/EVERNOTE",
        "resourceType": "microsoft.insights/components",
        "resourceName": "EVERNOTE",
        "apiVersion": "2015-05-01"
      }
    }
  },
  {
    "id": "/subscriptions/7fee2e06-fa42-4011-aa45-46f1cd21285d/resourceGroups/learn-95f88dad-4150-41a7-ad62-0b33d39d8aa5/providers/Microsoft.Resources/deployments/WordPress.WordPressc7329732-94ef/operations/83357EE1A7E77ED3",
    "operationId": "83357EE1A7E77ED3",
    "properties": {
      "provisioningOperation": "Create",
      "provisioningState": "Succeeded",
      "timestamp": "2021-04-22T06:35:16.2879873Z",
      "duration": "PT9.7695509S",
      "trackingId": "29b878ac-0bc5-430c-a3b1-bb1c2b8476cd",
      "serviceRequestId": "acc7a041-256d-4e8e-80ca-6f05f318dec6",
      "statusCode": "OK",
      "targetResource": {
        "id": "/subscriptions/7fee2e06-fa42-4011-aa45-46f1cd21285d/resourceGroups/learn-95f88dad-4150-41a7-ad62-0b33d39d8aa5/providers/microsoft.insights/components/EVERNOTE",
        "resourceType": "microsoft.insights/components",
        "resourceName": "EVERNOTE"
      }
    }
  }
]