{
  "id": "/subscriptions/7fee2e06-fa42-4011-aa45-46f1cd21285d/resourceGroups/learn-95f88dad-4150-41a7-ad62-0b33d39d8aa5/providers/Microsoft.Resources/deployments/WordPress.WordPressc7329732-94ef",
  "name": "WordPress.WordPressc7329732-94ef",
  "type": "Microsoft.Resources/deployments",
  "tags": {
    "primaryResourceId": "/subscriptions/7fee2e06-fa42-4011-aa45-46f1cd21285d/resourcegroups/learn-95f88dad-4150-41a7-ad62-0b33d39d8aa5/providers/Microsoft.Web/sites/EVERNOTE",
    "marketplaceItemId": "WordPress.WordPress"
  },
  "properties": {
    "templateHash": "3604994821342634701",
    "parameters": {
      "name": {
        "type": "String",
        "value": "EVERNOTE"
      },
      "hostingPlanName": {
        "type": "String",
        "value": "wordpress-service-plN"
      },
      "hostingEnvironment": {
        "type": "String",
        "value": ""
      },
      "location": {
        "type": "String",
        "value": "Central US"
      },
      "sku": {
        "type": "String",
        "value": "Free"
      },
      "skuCode": {
        "type": "String",
        "value": "F1"
      },
      "workerSize": {
        "type": "String",
        "value": "0"
      },
      "serverFarmResourceGroup": {
        "type": "String",
        "value": "learn-95f88dad-4150-41a7-ad62-0b33d39d8aa5"
      },
      "subscriptionId": {
        "type": "String",
        "value": "7fee2e06-fa42-4011-aa45-46f1cd21285d"
      }
    },
    "mode": "Incremental",
    "debugSetting": {
      "detailLevel": "None"
    },
    "provisioningState": "Running",
    "timestamp": "2021-04-22T06:36:29.9649926Z",
    "duration": "PT1M27.9015726S",
    "correlationId": "4281d715-661c-4baf-9a86-1972ccb4ea80",
    "providers": [
      {
        "namespace": "Microsoft.Web",
        "resourceTypes": [
          {
            "resourceType": "sites",
            "locations": [
              "centralus"
            ]
          },
          {
            "resourceType": "sites/sourcecontrols",
            "locations": [
              null
            ]
          },
          {
            "resourceType": "serverfarms",
            "locations": [
              "centralus"
            ]
          }
        ]
      },
      {
        "namespace": "microsoft.insights",
        "resourceTypes": [
          {
            "resourceType": "components",
            "locations": [
              "centralus"
            ]
          }
        ]
      }
    ],
    "dependencies": [
      {
        "dependsOn": [
          {
            "id": "/subscriptions/7fee2e06-fa42-4011-aa45-46f1cd21285d/resourceGroups/learn-95f88dad-4150-41a7-ad62-0b33d39d8aa5/providers/Microsoft.Web/serverfarms/wordpress-service-plN",
            "resourceType": "Microsoft.Web/serverfarms",
            "resourceName": "wordpress-service-plN"
          },
          {
            "id": "/subscriptions/7fee2e06-fa42-4011-aa45-46f1cd21285d/resourceGroups/learn-95f88dad-4150-41a7-ad62-0b33d39d8aa5/providers/microsoft.insights/components/EVERNOTE",
            "resourceType": "microsoft.insights/components",
            "resourceName": "EVERNOTE"
          },
          {
            "id": "/subscriptions/7fee2e06-fa42-4011-aa45-46f1cd21285d/resourceGroups/learn-95f88dad-4150-41a7-ad62-0b33d39d8aa5/providers/microsoft.insights/components/EVERNOTE",
            "resourceType": "microsoft.insights/components",
            "resourceName": "EVERNOTE",
            "apiVersion": "2015-05-01"
          }
        ],
        "id": "/subscriptions/7fee2e06-fa42-4011-aa45-46f1cd21285d/resourceGroups/learn-95f88dad-4150-41a7-ad62-0b33d39d8aa5/providers/Microsoft.Web/sites/EVERNOTE",
        "resourceType": "Microsoft.Web/sites",
        "resourceName": "EVERNOTE"
      },
      {
        "dependsOn": [
          {
            "id": "/subscriptions/7fee2e06-fa42-4011-aa45-46f1cd21285d/resourceGroups/learn-95f88dad-4150-41a7-ad62-0b33d39d8aa5/providers/Microsoft.Web/Sites/EVERNOTE",
            "resourceType": "Microsoft.Web/Sites",
            "resourceName": "EVERNOTE"
          }
        ],
        "id": "/subscriptions/7fee2e06-fa42-4011-aa45-46f1cd21285d/resourceGroups/learn-95f88dad-4150-41a7-ad62-0b33d39d8aa5/providers/Microsoft.Web/sites/EVERNOTE/sourcecontrols/web",
        "resourceType": "Microsoft.Web/sites/sourcecontrols",
        "resourceName": "EVERNOTE/web"
      }
    ],
    "validationLevel": "Template"
  }
}